CREATE DATABASE  IF NOT EXISTS `oakmont_padb` /*!40100 DEFAULT CHARACTER SET utf8mb4 COLLATE utf8mb4_0900_ai_ci */ /*!80016 DEFAULT ENCRYPTION='N' */;
USE `oakmont_padb`;
-- MySQL dump 10.13  Distrib 8.0.33, for Win64 (x86_64)
--
-- Host: inflationdb.mysql.database.azure.com    Database: oakmont_padb
-- ------------------------------------------------------
-- Server version	8.0.32

/*!40101 SET @OLD_CHARACTER_SET_CLIENT=@@CHARACTER_SET_CLIENT */;
/*!40101 SET @OLD_CHARACTER_SET_RESULTS=@@CHARACTER_SET_RESULTS */;
/*!40101 SET @OLD_COLLATION_CONNECTION=@@COLLATION_CONNECTION */;
/*!50503 SET NAMES utf8 */;
/*!40103 SET @OLD_TIME_ZONE=@@TIME_ZONE */;
/*!40103 SET TIME_ZONE='+00:00' */;
/*!40014 SET @OLD_UNIQUE_CHECKS=@@UNIQUE_CHECKS, UNIQUE_CHECKS=0 */;
/*!40014 SET @OLD_FOREIGN_KEY_CHECKS=@@FOREIGN_KEY_CHECKS, FOREIGN_KEY_CHECKS=0 */;
/*!40101 SET @OLD_SQL_MODE=@@SQL_MODE, SQL_MODE='NO_AUTO_VALUE_ON_ZERO' */;
/*!40111 SET @OLD_SQL_NOTES=@@SQL_NOTES, SQL_NOTES=0 */;

--
-- Table structure for table `abs_inflation`
--

DROP TABLE IF EXISTS `abs_inflation`;
/*!40101 SET @saved_cs_client     = @@character_set_client */;
/*!50503 SET character_set_client = utf8mb4 */;
CREATE TABLE `abs_inflation` (
  `my_row_id` bigint unsigned NOT NULL AUTO_INCREMENT /*!80023 INVISIBLE */,
  `date` date DEFAULT NULL,
  `value` double DEFAULT NULL,
  PRIMARY KEY (`my_row_id`)
) ENGINE=InnoDB AUTO_INCREMENT=73 DEFAULT CHARSET=utf8mb4 COLLATE=utf8mb4_0900_ai_ci;
/*!40101 SET character_set_client = @saved_cs_client */;

--
-- Dumping data for table `abs_inflation`
--

LOCK TABLES `abs_inflation` WRITE;
/*!40000 ALTER TABLE `abs_inflation` DISABLE KEYS */;
INSERT INTO `abs_inflation` (`my_row_id`, `date`, `value`) VALUES (1,'2017-09-01',100),(2,'2017-10-01',100.2),(3,'2017-11-01',100.5),(4,'2017-12-01',101.2),(5,'2018-01-01',101),(6,'2018-02-01',100.7),(7,'2018-03-01',101),(8,'2018-04-01',101.6),(9,'2018-05-01',101.5),(10,'2018-06-01',101.5),(11,'2018-07-01',102.1),(12,'2018-08-01',101.7),(13,'2018-09-01',102),(14,'2018-10-01',102.5),(15,'2018-11-01',102.1),(16,'2018-12-01',102.7),(17,'2019-01-01',102.2),(18,'2019-02-01',102.2),(19,'2019-03-01',102.6),(20,'2019-04-01',103.4),(21,'2019-05-01',103),(22,'2019-06-01',102.9),(23,'2019-07-01',103.7),(24,'2019-08-01',103.3),(25,'2019-09-01',103.7),(26,'2019-10-01',104.3),(27,'2019-11-01',103.9),(28,'2019-12-01',105),(29,'2020-01-01',105),(30,'2020-02-01',104.2),(31,'2020-03-01',104.8),(32,'2020-04-01',103.5),(33,'2020-05-01',102.8),(34,'2020-06-01',102.8),(35,'2020-07-01',104.5),(36,'2020-08-01',104.4),(37,'2020-09-01',104.1),(38,'2020-10-01',104.8),(39,'2020-11-01',105),(40,'2020-12-01',105.3),(41,'2021-01-01',105.4),(42,'2021-02-01',105.3),(43,'2021-03-01',105.6),(44,'2021-04-01',106.1),(45,'2021-05-01',106.2),(46,'2021-06-01',106.4),(47,'2021-07-01',106.7),(48,'2021-08-01',107),(49,'2021-09-01',107.3),(50,'2021-10-01',107.9),(51,'2021-11-01',108.4),(52,'2021-12-01',109),(53,'2022-01-01',109.6),(54,'2022-02-01',110.5),(55,'2022-03-01',111.6),(56,'2022-04-01',111.9),(57,'2022-05-01',112.7),(58,'2022-06-01',113.6),(59,'2022-07-01',114.4),(60,'2022-08-01',114.7),(61,'2022-09-01',115),(62,'2022-10-01',115.4),(63,'2022-11-01',116.4),(64,'2022-12-01',118.2),(65,'2023-01-01',117.8),(66,'2023-02-01',118),(67,'2023-03-01',118.6),(68,'2023-04-01',119.4),(69,'2023-05-01',118.9),(70,'2023-06-01',119.7),(71,'2023-07-01',120),(72,'2023-08-01',120.7);
/*!40000 ALTER TABLE `abs_inflation` ENABLE KEYS */;
UNLOCK TABLES;

--
-- Table structure for table `abs_weights`
--

DROP TABLE IF EXISTS `abs_weights`;
/*!40101 SET @saved_cs_client     = @@character_set_client */;
/*!50503 SET character_set_client = utf8mb4 */;
CREATE TABLE `abs_weights` (
  `my_row_id` bigint unsigned NOT NULL AUTO_INCREMENT /*!80023 INVISIBLE */,
  `expenditure_class` varchar(53) DEFAULT NULL,
  `weights` double DEFAULT NULL,
  PRIMARY KEY (`my_row_id`)
) ENGINE=InnoDB AUTO_INCREMENT=88 DEFAULT CHARSET=utf8mb4 COLLATE=utf8mb4_0900_ai_ci;
/*!40101 SET character_set_client = @saved_cs_client */;

--
-- Dumping data for table `abs_weights`
--

LOCK TABLES `abs_weights` WRITE;
/*!40000 ALTER TABLE `abs_weights` DISABLE KEYS */;
INSERT INTO `abs_weights` (`my_row_id`, `expenditure_class`, `weights`) VALUES (1,'Bread',0.0053),(2,'Cakes and biscuits',0.006),(3,'Breakfast cereals',0.0011),(4,'Other cereal products',0.0018),(5,'Beef and veal',0.0053),(6,'Pork',0.0029),(7,'Lamb and goat',0.0029),(8,'Poultry',0.0044),(9,'Other meats',0.0038),(10,'Fish and other seafood',0.004),(11,'Milk',0.0042),(12,'Cheese',0.003),(13,'Ice cream and other dairy products',0.0029),(14,'Fruit',0.0096),(15,'Vegetables',0.0141),(16,'Eggs',0.0012),(17,'Jams, honey and spreads',0.0012),(18,'Food additives and condiments',0.0031),(19,'Oils and fats',0.0022),(20,'Snacks and confectionery',0.0083),(21,'Other food products n.e.c.',0.0049),(22,'Coffee, tea and cocoa',0.0026),(23,'Waters, soft drinks and juices',0.0089),(24,'Restaurant meals',0.039599999999999996),(25,'Take away and fast foods',0.0285),(26,'Spirits',0.009899999999999999),(27,'Wine',0.0191),(28,'Beer',0.0222),(29,'Tobacco',0.0275),(30,'Garments for men',0.0053),(31,'Garments for women',0.0113),(32,'Garments for infants and children',0.0032),(33,'Footwear for men',0.0012),(34,'Footwear for women',0.0029),(35,'Footwear for infants and children',0.0007000000000000001),(36,'Accessories',0.0084),(37,'Cleaning, repair and hire of clothing and footwear',0.0007000000000000001),(38,'Rents',0.0575),(39,'New dwelling purchase by owner-occupiers',0.0862),(40,'Maintenance and repair of the dwelling',0.022400000000000003),(41,'Property rates and charges',0.0155),(42,'Water and sewerage',0.0088),(43,'Electricity',0.0222),(44,'Gas and other household fuels',0.0098),(45,'Furniture',0.0154),(46,'Carpets and other floor coverings',0.0032),(47,'Household textiles',0.0051),(48,'Major household appliances',0.0043),(49,'Small electric household appliances',0.0032),(50,'Glassware, tableware and household utensils',0.0040999999999999995),(51,'Tools and equipment for house and garden',0.004),(52,'Cleaning and maintenance products',0.0023),(53,'Personal care products',0.0089),(54,'Other non-durable household products',0.0131),(55,'Child care',0.008199999999999999),(56,'Hairdressing and personal grooming services',0.0108),(57,'Other household services',0.0068000000000000005),(58,'Pharmaceutical products',0.0104),(59,'Therapeutic appliances and equipment',0.0016),(60,'Medical and hospital services',0.044500000000000005),(61,'Dental services',0.006),(62,'Motor vehicles',0.0304),(63,'Spare parts and accessories for motor vehicles',0.0077),(64,'Automotive fuel',0.0361),(65,'Maintenance and repair of motor vehicles',0.0187),(66,'Other services in respect of motor vehicles',0.013500000000000002),(67,'Urban transport fares',0.0034999999999999996),(68,'Postal services',0.001),(69,'Telecommunication equipment and services',0.022099999999999998),(70,'Audio, visual and computing equipment',0.0128),(71,'Audio, visual and computing media and services',0.0067),(72,'Books',0.0016),(73,'Newspapers, magazines and stationery',0.0037),(74,'Domestic holiday travel and accommodation',0.024300000000000002),(75,'International holiday travel and accommodation',0.018500000000000003),(76,'Equipment for sports, camping and open-air recreation',0.0060999999999999995),(77,'Games, toys and hobbies',0.0064),(78,'Pets and related products',0.0053),(79,'Veterinary and other services for pets',0.0051),(80,'Sports participation',0.009000000000000001),(81,'Other recreational, sporting and cultural services',0.0089),(82,'Preschool and primary education',0.0095),(83,'Secondary education',0.0191),(84,'Tertiary education',0.015700000000000002),(85,'Insurance',0.0116),(86,'Deposit and loan facilities (direct charges)',0.004),(87,'Other financial services',0.04);
/*!40000 ALTER TABLE `abs_weights` ENABLE KEYS */;
UNLOCK TABLES;

--
-- Table structure for table `prices`
--

DROP TABLE IF EXISTS `prices`;
/*!40101 SET @saved_cs_client     = @@character_set_client */;
/*!50503 SET character_set_client = utf8mb4 */;
CREATE TABLE `prices` (
  `Price_ID` int NOT NULL AUTO_INCREMENT,
  `productID` int NOT NULL,
  `timestamp` timestamp NULL DEFAULT CURRENT_TIMESTAMP,
  `price` decimal(10,2) DEFAULT NULL,
  PRIMARY KEY (`Price_ID`),
  KEY `productID` (`productID`),
  CONSTRAINT `prices_ibfk_1` FOREIGN KEY (`productID`) REFERENCES `products` (`productID`),
  CONSTRAINT `productID` FOREIGN KEY (`productID`) REFERENCES `products` (`productID`)
) ENGINE=InnoDB AUTO_INCREMENT=232 DEFAULT CHARSET=utf8mb4 COLLATE=utf8mb4_0900_ai_ci;
/*!40101 SET character_set_client = @saved_cs_client */;

--
-- Dumping data for table `prices`
--

LOCK TABLES `prices` WRITE;
/*!40000 ALTER TABLE `prices` DISABLE KEYS */;
INSERT INTO `prices` VALUES (4,6,'2023-09-27 01:21:02',0.78),(5,7,'2023-09-27 01:21:35',0.81),(6,5,'2023-09-27 01:21:35',0.63),(7,8,'2023-09-27 01:21:35',11.00),(8,1,'2023-09-27 01:42:21',0.72),(9,2,'2023-09-27 01:42:21',0.81),(10,4,'2023-09-27 01:42:21',0.63),(11,3,'2023-09-27 01:42:21',9.50),(12,9,'2023-09-27 02:09:50',23.00),(13,10,'2023-09-27 02:09:50',15.00),(14,11,'2023-09-27 02:09:50',7.00),(15,12,'2023-09-27 02:09:50',1.94),(16,13,'2023-09-27 02:09:50',7.00),(17,14,'2023-09-27 02:09:50',7.00),(18,15,'2023-09-27 02:09:50',10.00),(19,16,'2023-09-27 02:09:50',5.03),(20,17,'2023-09-27 02:09:50',3.67),(21,18,'2023-09-27 02:09:51',6.00),(22,19,'2023-09-27 02:09:51',20.00),(23,20,'2023-09-27 02:09:51',3.67),(24,21,'2023-09-27 02:09:51',3.04),(25,22,'2023-09-27 02:09:51',3871.00),(26,23,'2023-09-27 02:09:51',2594.00),(27,24,'2023-09-27 02:09:51',216.00),(28,25,'2023-09-27 02:09:51',2355.00),(29,26,'2023-09-27 02:09:51',1942.00),(30,27,'2023-09-27 02:09:51',163.00),(31,28,'2023-09-27 02:09:51',71.00),(32,29,'2023-09-27 02:09:51',535.00),(33,30,'2023-09-27 02:09:51',248.00),(34,31,'2023-09-27 02:09:51',17.00),(35,32,'2023-09-27 02:09:51',42.00),(36,33,'2023-09-27 02:09:51',125.00),(37,34,'2023-09-27 02:09:51',81.00),(38,35,'2023-09-27 02:09:51',174.00),(39,36,'2023-09-27 02:09:51',191.00),(40,37,'2023-09-27 02:09:51',35000.00),(41,38,'2023-09-27 02:09:51',1.99),(42,39,'2023-09-27 02:09:51',160.00),(43,40,'2023-09-27 02:09:51',8.00),(44,41,'2023-09-27 02:09:51',24.00),(45,42,'2023-09-27 02:09:51',83.00),(46,43,'2023-09-27 02:09:51',7.00),(47,44,'2023-09-27 02:09:51',5.15),(48,45,'2023-09-27 02:09:51',7.00),(49,46,'2023-09-27 02:09:51',4.19),(50,47,'2023-09-27 02:09:51',4.66),(51,48,'2023-09-27 02:09:51',32.00),(52,49,'2023-09-27 02:09:51',66.00),(53,50,'2023-09-27 02:09:52',42.00),(54,51,'2023-09-27 02:09:52',292.00),(55,52,'2023-09-27 02:09:52',120.00),(56,53,'2023-09-27 02:09:52',20.00),(57,54,'2023-09-27 02:09:52',5.31),(58,55,'2023-09-27 02:09:52',11.00),(59,56,'2023-09-27 02:09:52',883.00),(60,57,'2023-09-27 02:09:52',0.50),(61,58,'2023-09-27 02:09:52',75.00),(62,59,'2023-09-27 02:09:52',41.00),(63,60,'2023-09-27 02:52:48',6.00),(64,61,'2023-09-27 02:52:48',4.90),(65,62,'2023-09-27 02:57:06',7886.00),(66,63,'2023-09-27 02:57:06',4465.00),(67,1,'2023-10-03 05:20:24',0.72),(68,2,'2023-10-03 05:20:24',0.81),(69,3,'2023-10-03 05:20:24',9.50),(70,4,'2023-10-03 05:20:24',0.63),(71,5,'2023-10-03 05:20:24',0.63),(72,6,'2023-10-03 05:20:24',1.04),(73,7,'2023-10-03 05:20:24',0.88),(74,8,'2023-10-03 05:20:24',11.00),(75,9,'2023-10-03 05:26:49',24.00),(76,10,'2023-10-03 05:26:49',15.00),(77,11,'2023-10-03 05:26:49',7.00),(78,12,'2023-10-03 05:26:49',1.93),(79,13,'2023-10-03 05:26:49',7.00),(80,14,'2023-10-03 05:26:49',7.00),(81,15,'2023-10-03 05:26:49',10.00),(82,16,'2023-10-03 05:26:49',5.05),(83,17,'2023-10-03 05:26:49',3.66),(84,18,'2023-10-03 05:26:49',6.00),(85,19,'2023-10-03 05:26:49',21.00),(86,20,'2023-10-03 05:26:49',3.69),(87,21,'2023-10-03 05:26:49',2.92),(88,22,'2023-10-03 05:26:49',3611.00),(89,23,'2023-10-03 05:26:49',2613.00),(90,24,'2023-10-03 05:26:49',219.00),(91,25,'2023-10-03 05:26:49',2402.00),(92,26,'2023-10-03 05:26:49',1879.00),(93,27,'2023-10-03 05:26:49',163.00),(94,28,'2023-10-03 05:26:49',79.00),(95,29,'2023-10-03 05:26:49',535.00),(96,30,'2023-10-03 05:26:49',248.00),(97,31,'2023-10-03 05:26:49',17.00),(98,32,'2023-10-03 05:26:49',42.00),(99,33,'2023-10-03 05:26:49',128.00),(100,34,'2023-10-03 05:26:49',86.00),(101,35,'2023-10-03 05:26:49',186.00),(102,36,'2023-10-03 05:26:49',214.00),(103,37,'2023-10-03 05:26:49',36303.00),(104,38,'2023-10-03 05:26:49',1.98),(105,39,'2023-10-03 05:26:50',166.00),(106,40,'2023-10-03 05:26:50',7.00),(107,41,'2023-10-03 05:26:50',24.00),(108,42,'2023-10-03 05:26:50',83.00),(109,43,'2023-10-03 05:26:50',7.00),(110,44,'2023-10-03 05:26:50',5.08),(111,45,'2023-10-03 05:26:50',7.00),(112,46,'2023-10-03 05:26:50',4.15),(113,47,'2023-10-03 05:26:50',4.68),(114,48,'2023-10-03 05:26:50',33.00),(115,49,'2023-10-03 05:26:50',65.00),(116,50,'2023-10-03 05:26:50',43.00),(117,51,'2023-10-03 05:26:50',292.00),(118,52,'2023-10-03 05:26:50',129.00),(119,53,'2023-10-03 05:26:50',20.00),(120,54,'2023-10-03 05:26:50',5.37),(121,55,'2023-10-03 05:26:50',11.00),(122,56,'2023-10-03 05:26:50',883.00),(123,57,'2023-10-03 05:26:50',0.50),(124,58,'2023-10-03 05:26:50',75.00),(125,59,'2023-10-03 05:26:50',41.00),(126,60,'2023-10-03 05:28:40',6.00),(127,61,'2023-10-03 05:28:40',5.00),(128,62,'2023-10-03 05:28:40',7845.00),(129,63,'2023-10-03 05:28:40',4363.00),(133,71,'2023-10-19 10:45:51',0.78),(134,72,'2023-10-19 11:06:42',0.78),(135,73,'2023-10-19 11:06:51',0.63),(136,74,'2023-10-19 11:06:57',0.88),(137,75,'2023-10-19 11:07:03',10.00),(138,76,'2023-10-19 11:07:12',0.63),(139,77,'2023-10-19 11:07:18',0.94),(140,78,'2023-10-19 11:07:25',0.81),(141,79,'2023-10-19 11:07:32',11.00),(142,80,'2023-10-19 11:07:37',204.10),(143,81,'2023-10-19 11:07:45',227.00),(144,82,'2023-10-19 11:07:45',182.10),(145,83,'2023-10-19 11:07:45',170.50),(146,84,'2023-10-19 11:07:45',178.20),(147,85,'2023-10-19 11:07:45',136.50),(148,86,'2023-10-19 11:07:46',191.60),(149,87,'2023-10-19 11:07:55',49.99),(150,88,'2023-10-19 11:08:01',89.99),(151,89,'2023-10-19 11:42:40',0.78),(152,90,'2023-10-19 11:42:47',0.63),(153,91,'2023-10-19 11:42:53',0.88),(154,92,'2023-10-19 11:42:59',10.00),(155,93,'2023-10-19 11:43:08',0.63),(156,94,'2023-10-19 11:43:14',0.94),(157,95,'2023-10-19 11:43:20',0.81),(158,96,'2023-10-19 11:43:27',11.00),(159,97,'2023-10-19 11:43:33',204.10),(160,98,'2023-10-19 11:43:42',227.00),(161,99,'2023-10-19 11:43:42',182.10),(162,100,'2023-10-19 11:43:42',170.50),(163,101,'2023-10-19 11:43:42',178.20),(164,102,'2023-10-19 11:43:42',136.50),(165,103,'2023-10-19 11:43:42',191.60),(166,104,'2023-10-19 11:43:51',49.99),(167,105,'2023-10-19 11:43:58',89.99),(168,106,'2023-10-19 11:56:46',0.78),(169,107,'2023-10-19 11:56:53',0.63),(170,108,'2023-10-19 11:56:59',0.88),(171,109,'2023-10-19 11:57:05',10.00),(172,110,'2023-10-19 11:57:13',0.63),(173,111,'2023-10-19 11:57:20',0.94),(174,112,'2023-10-19 11:57:26',0.81),(175,113,'2023-10-19 11:57:33',11.00),(176,114,'2023-10-19 11:57:40',204.10),(177,115,'2023-10-19 11:57:48',227.00),(178,116,'2023-10-19 11:57:48',182.10),(179,117,'2023-10-19 11:57:48',170.50),(180,118,'2023-10-19 11:57:48',178.20),(181,119,'2023-10-19 11:57:48',136.50),(182,120,'2023-10-19 11:57:48',191.60),(183,121,'2023-10-19 11:57:55',49.99),(184,122,'2023-10-19 11:58:01',89.99),(185,123,'2023-10-19 20:16:40',0.78),(186,124,'2023-10-19 20:16:47',0.63),(187,125,'2023-10-19 20:16:53',0.88),(188,126,'2023-10-19 20:16:59',10.00),(189,127,'2023-10-19 20:17:07',0.63),(190,128,'2023-10-19 20:17:13',1.10),(191,129,'2023-10-19 20:17:20',0.81),(192,130,'2023-10-19 20:18:12',0.78),(193,131,'2023-10-19 20:18:19',0.63),(194,132,'2023-10-19 20:18:25',0.88),(195,133,'2023-10-19 20:18:31',10.00),(196,134,'2023-10-19 20:18:38',0.63),(197,135,'2023-10-19 20:18:44',0.94),(198,136,'2023-10-19 20:18:51',0.81),(199,137,'2023-10-19 20:18:57',11.00),(200,138,'2023-10-19 20:19:03',204.10),(201,139,'2023-10-19 20:19:11',227.20),(202,140,'2023-10-19 20:19:11',182.20),(203,141,'2023-10-19 20:19:11',170.60),(204,142,'2023-10-19 20:19:11',178.30),(205,143,'2023-10-19 20:19:12',136.60),(206,144,'2023-10-19 20:19:12',191.60),(207,145,'2023-10-19 20:19:21',49.99),(208,146,'2023-10-19 20:19:27',89.99),(209,147,'2023-10-19 20:23:21',0.78),(210,148,'2023-10-19 20:23:28',0.63),(211,149,'2023-10-19 20:23:34',0.88),(212,150,'2023-10-19 20:23:40',10.00),(213,151,'2023-10-19 20:23:47',0.63),(214,152,'2023-10-19 20:23:54',1.10),(215,153,'2023-10-19 20:24:01',0.81),(216,154,'2023-10-19 20:25:12',0.78),(217,155,'2023-10-19 20:25:18',0.63),(218,156,'2023-10-19 20:25:24',0.88),(219,157,'2023-10-19 20:25:30',10.00),(220,158,'2023-10-19 20:25:37',0.63),(221,159,'2023-10-19 20:25:44',0.94),(222,160,'2023-10-19 20:25:50',0.81),(223,161,'2023-10-19 20:25:55',204.10),(224,162,'2023-10-19 20:26:03',227.20),(225,163,'2023-10-19 20:26:03',182.20),(226,164,'2023-10-19 20:26:04',170.60),(227,165,'2023-10-19 20:26:04',178.30),(228,166,'2023-10-19 20:26:04',136.60),(229,167,'2023-10-19 20:26:04',191.60),(230,168,'2023-10-19 20:26:13',49.99),(231,169,'2023-10-19 20:26:40',89.99);
/*!40000 ALTER TABLE `prices` ENABLE KEYS */;
UNLOCK TABLES;

--
-- Table structure for table `products`
--

DROP TABLE IF EXISTS `products`;
/*!40101 SET @saved_cs_client     = @@character_set_client */;
/*!50503 SET character_set_client = utf8mb4 */;
CREATE TABLE `products` (
  `productID` int NOT NULL AUTO_INCREMENT,
  `names` varchar(50) DEFAULT NULL,
  `sku` varchar(50) DEFAULT NULL,
  `description` text,
  `brand_name` varchar(100) DEFAULT NULL,
  `url` varchar(200) DEFAULT NULL,
  `expenditure_class` varchar(255) DEFAULT NULL,
  PRIMARY KEY (`productID`)
) ENGINE=InnoDB AUTO_INCREMENT=170 DEFAULT CHARSET=utf8mb4 COLLATE=utf8mb4_0900_ai_ci;
/*!40101 SET character_set_client = @saved_cs_client */;

--
-- Dumping data for table `products`
--

LOCK TABLES `products` WRITE;
/*!40000 ALTER TABLE `products` DISABLE KEYS */;
INSERT INTO `products` VALUES (1,'Apples',NULL,'Royal Gala Apples','Woolies','https://www.woolworths.com.au/shop/productdetails/155003/apple-royal-gala','Fruit'),(2,'Bananas',NULL,'Cavendish Bananas','Woolies','https://www.woolworths.com.au/shop/productdetails/133211/cavendish-bananas','Fruit'),(3,'Chicken Breast fillet',NULL,'RSPCA Approved Chicken Breast Fillet ','Woolies','https://www.woolworths.com.au/shop/productdetails/25734/woolworths-rspca-approved-chicken-breast-fillet','Poultry'),(4,'Bread',NULL,'Wonder White Bread','Woolies','https://www.woolworths.com.au/shop/productdetails/263669/wonder-white-bread-vitamins-minerals-sandwich','Bread'),(5,'Bread',NULL,'Wonder White Bread','Coles','https://www.coles.com.au/product/wonder-white-bread-+-vitamins-and-mineral-700g-5795130','Bread'),(6,'Apples',NULL,'Royal Gala Apples','Coles','https://www.coles.com.au/product/coles-royal-gala-apples-loose-approx.-160g-each-5226000','Fruit'),(7,'Bananas',NULL,'Fresh Bananas','Coles','https://www.coles.com.au/product/fresh-bananas-approx.-180g-each-409499','Fruit'),(8,'Chicken Breast fillet',NULL,'RSPCA Approved Chicken Breast Fillet ','Coles','https://www.coles.com.au/product/coles-rspca-approved-chicken-breast-fillets-large-pack-approx.-1.4kg-2263179','Poultry'),(9,'Basic Lunch',NULL,'Basic lunchtime menu (including a drink) in the business district','Expatistan','https://www.expatistan.com/cost-of-living/country/australia','Restaurant meals'),(10,'Fast Food Meal',NULL,'Combo meal in fast food restaurant (big mac meal or similar)','Expatistan','https://www.expatistan.com/cost-of-living/country/australia','Take away and fast foods'),(11,'Boneless Chicken Breast',NULL,'500 gr (1 lb.) of boneless chicken breast','Expatistan','https://www.expatistan.com/cost-of-living/country/australia','Poultry'),(12,'Whole Fat Milk',NULL,'1 liter (1 qt.) of whole fat milk','Expatistan','https://www.expatistan.com/cost-of-living/country/australia','Milk'),(13,'Dozen Eggs',NULL,'12 eggs, large','Expatistan','https://www.expatistan.com/cost-of-living/country/australia','Eggs'),(14,'Tomatoes',NULL,'1 kg (2 lb.) of tomatoes','Expatistan','https://www.expatistan.com/cost-of-living/country/australia','Vegetables'),(15,'Local Cheese',NULL,'500 gr (16 oz.) of local cheese','Expatistan','https://www.expatistan.com/cost-of-living/country/australia','Cheese'),(16,'Apples',NULL,'1 kg (2 lb.) of apples','Expatistan','https://www.expatistan.com/cost-of-living/country/australia','Fruit'),(17,'Potatoes',NULL,'1 kg (2 lb.) of potatoes','Expatistan','https://www.expatistan.com/cost-of-living/country/australia','Vegetables'),(18,'Bear',NULL,'0.5 l (16 oz) domestic beer in the supermarket','Expatistan','https://www.expatistan.com/cost-of-living/country/australia','Beer'),(19,'Wine',NULL,'1 bottle of red table wine, good quality','Expatistan','https://www.expatistan.com/cost-of-living/country/australia','Wine'),(20,'Coca-Cola',NULL,'2 liters of coca-cola','Expatistan','https://www.expatistan.com/cost-of-living/country/australia','Waters, soft drinks and juices'),(21,'Bread for 2',NULL,'Bread for 2 people for 1 day','Expatistan','https://www.expatistan.com/cost-of-living/country/australia','Bread'),(22,'Furnished Expensive area rent',NULL,'Monthly rent for 85 m2 (900 sqft) furnished accommodation in expensive area','Expatistan','https://www.expatistan.com/cost-of-living/country/australia','Rents'),(23,'Furnished normal area rent',NULL,'Monthly rent for 85 m2 (900 sqft) furnished accommodation in normal area','Expatistan','https://www.expatistan.com/cost-of-living/country/australia','Rents'),(24,'Utilities for 2',NULL,'Utilities 1 month (heating, electricity, gas ...) for 2 people in 85m2 flat','Expatistan','https://www.expatistan.com/cost-of-living/country/australia','Electricity'),(25,'Studio rent Expensive',NULL,'Monthly rent for a 45 m2 (480 sqft) furnished studio in expensive area','Expatistan','https://www.expatistan.com/cost-of-living/country/australia','Rents'),(26,'Studio rent Normal',NULL,'Monthly rent for a 45 m2 (480 sqft) furnished studio in normal area','Expatistan','https://www.expatistan.com/cost-of-living/country/australia','Rents'),(27,'Utilities for 1',NULL,'Utilities 1 month (heating, electricity, gas ...) for 1 person in 45 m2 (480 sqft) studio','Expatistan','https://www.expatistan.com/cost-of-living/country/australia','Electricity'),(28,'Internet',NULL,'Internet 8 mbps (1 month)','Expatistan','https://www.expatistan.com/cost-of-living/country/australia','Telecommunication equipment and services'),(29,'Flat screen TV',NULL,'40” flat screen tv','Expatistan','https://www.expatistan.com/cost-of-living/country/australia','Audio, visual and computing equipment'),(30,'Microwave',NULL,'Microwave 800/900 watt (bosch, panasonic, lg, sharp, or equivalent brands)','Expatistan','https://www.expatistan.com/cost-of-living/country/australia','Small electric household appliances'),(31,'Detergent',NULL,'Laundry detergent','Expatistan','https://www.expatistan.com/cost-of-living/country/australia','Household textiles'),(32,'Cleaning help',NULL,'Hourly rate for cleaning help','Expatistan','https://www.expatistan.com/cost-of-living/country/australia','Other household services'),(33,'Jeans',NULL,'1 pair of jeans (levis 501 or similar)','Expatistan','https://www.expatistan.com/cost-of-living/country/australia','Garments for men'),(34,'Summer Dress',NULL,'1 summer dress in a high street store (zara, h&m or similar retailers)','Expatistan','https://www.expatistan.com/cost-of-living/country/australia','Garments for women'),(35,'Sport shoes',NULL,'1 pair of sport shoes (nike, adidas, or equivalent brands)','Expatistan','https://www.expatistan.com/cost-of-living/country/australia','Footwear for women'),(36,'Leather Shoes Men',NULL,'1 pair of men’s leather business shoes','Expatistan','https://www.expatistan.com/cost-of-living/country/australia','Footwear for men'),(37,'Volkswagen Golf',NULL,'Volkswagen golf 1.4 tsi 150 cv (or equivalent), with no extras, new','Expatistan','https://www.expatistan.com/cost-of-living/country/australia','Motor vehicles'),(38,'Fuel',NULL,'1 liter (1/4 gallon) of gas','Expatistan','https://www.expatistan.com/cost-of-living/country/australia','Automotive fuel'),(39,'Public Transport',NULL,'Monthly ticket public transport','Expatistan','https://www.expatistan.com/cost-of-living/country/australia','Urban transport fares'),(40,'Cold Medicine',NULL,'Cold medicine for 6 days (tylenol, frenadol, coldrex, or equivalent brands)','Expatistan','https://www.expatistan.com/cost-of-living/country/australia','Pharmaceutical products'),(41,'Antibiotics',NULL,'1 box of antibiotics (12 doses)','Expatistan','https://www.expatistan.com/cost-of-living/country/australia','Pharmaceutical products'),(42,'Short Doctor visit',NULL,'Short visit to private doctor (15 minutes)','Expatistan','https://www.expatistan.com/cost-of-living/country/australia','Medical and hospital services'),(43,'Box of tampons',NULL,'1 box of 32 tampons (tampax, ob, ...)','Expatistan','https://www.expatistan.com/cost-of-living/country/australia','Personal care products'),(44,'Deodorant',NULL,'Deodorant, roll-on (50ml ~ 1.5 oz.)','Expatistan','https://www.expatistan.com/cost-of-living/country/australia','Personal care products'),(45,'2 in 1 Shampoo',NULL,'Hair shampoo 2-in-1 (400 ml ~ 12 oz.)','Expatistan','https://www.expatistan.com/cost-of-living/country/australia','Personal care products'),(46,'4 rolls of toilet paper',NULL,'4 rolls of toilet paper','Expatistan','https://www.expatistan.com/cost-of-living/country/australia','Other non-durable household products'),(47,'Toothpast',NULL,'Tube of toothpaste','Expatistan','https://www.expatistan.com/cost-of-living/country/australia','Personal care products'),(48,'Mens haircut',NULL,'Standard men\'s haircut in expat area of the city','Expatistan','https://www.expatistan.com/cost-of-living/country/australia','Hairdressing and personal grooming services'),(49,'Dinner for 2 at pub',NULL,'Basic dinner out for two in neighborhood pub','Expatistan','https://www.expatistan.com/cost-of-living/country/australia','Restaurant meals'),(50,'2 Movie tickets',NULL,'2 tickets to the movies','Expatistan','https://www.expatistan.com/cost-of-living/country/australia','Other recreational, sporting and cultural services'),(51,'2 Theater Tickets',NULL,'2 tickets to the theater (best available seats)','Expatistan','https://www.expatistan.com/cost-of-living/country/australia','Other recreational, sporting and cultural services'),(52,'Dinner at fancy Italian restaurant',NULL,'Dinner for two at an italian restaurant in the expat area including appetisers, main course, wine and dessert','Expatistan','https://www.expatistan.com/cost-of-living/country/australia','Restaurant meals'),(53,'Cocktail drink',NULL,'1 cocktail drink in downtown club','Expatistan','https://www.expatistan.com/cost-of-living/country/australia','Spirits'),(54,'Cappuccino',NULL,'Cappuccino in expat area of the city','Expatistan','https://www.expatistan.com/cost-of-living/country/australia','Coffee, tea and cocoa'),(55,'Bear in neighbourhood',NULL,'1 beer in neighbourhood pub (500ml or 1pt.)','Expatistan','https://www.expatistan.com/cost-of-living/country/australia','Beer'),(56,'Ipad',NULL,'Ipad wi-fi 128gb','Expatistan','https://www.expatistan.com/cost-of-living/country/australia','Audio, visual and computing equipment'),(57,'prepaid mobile',NULL,'1 min. of prepaid mobile tariff (no discounts or plans)','Expatistan','https://www.expatistan.com/cost-of-living/country/australia','Telecommunication equipment and services'),(58,'Gym Membership',NULL,'1 month of gym membership in business district','Expatistan','https://www.expatistan.com/cost-of-living/country/australia','Sports participation'),(59,'cigarettes',NULL,'1 package of marlboro cigarettes','Expatistan','https://www.expatistan.com/cost-of-living/country/australia','Tobacco'),(60,'RBA CPI',NULL,'Consumer Price Index from Reserve Bank of Australia (given as percentage)','Reserve Bank of Australia','https://www.rba.gov.au/inflation-overview.html',NULL),(61,'RBA Monthly Indicator',NULL,'Monthly price indicator from Reserve Bank of Australia (given as percentage)','Reserve Bank of Australia','https://www.rba.gov.au/inflation-overview.html',NULL),(62,'Monthly Cost for 4 ',NULL,'Monthly costs for a family of 4','Expatistan','https://www.expatistan.com/cost-of-living/country/australia',NULL),(63,'Monthly Cost for 1 ',NULL,'Monthly costs for a single person','Expatistan','https://www.expatistan.com/cost-of-living/country/australia',NULL),(70,'Apples','','1EA','Coles','https://www.coles.com.au/product/coles-royal-gala-apples-loose-approx.-160g-each-5226000','Food'),(71,'Apples','','1EA','Coles','https://www.coles.com.au/product/coles-royal-gala-apples-loose-approx.-160g-each-5226000','Food'),(72,'Apples','','1EA','Coles','https://www.coles.com.au/product/coles-royal-gala-apples-loose-approx.-160g-each-5226000','Food'),(73,'Bread','','100g','Coles','https://www.coles.com.au/product/wonder-white-bread-+-vitamins-and-mineral-700g-5795130','Food'),(74,'Bananas','','1EA','Coles','https://www.coles.com.au/product/fresh-bananas-approx.-180g-each-409499','Food'),(75,'Chicken','','1kg<div class=\"price__was\"></div><strong>Was $15.40 on Oct 2023 </strong>','Coles','https://www.coles.com.au/product/coles-rspca-approved-chicken-breast-fillets-large-pack-approx.-1.4kg-2263179','Food'),(76,'Bread','','100G','Woolworths','https://www.woolworths.com.au/shop/productdetails/263669/wonder-white-bread-vitamins-minerals-sandwich','Food'),(77,'Apples','','1EA','Woolworths','https://www.woolworths.com.au/shop/productdetails/155003/apple-royal-gala','Food'),(78,'Bananas','','1EA','Woolworths','https://www.woolworths.com.au/shop/productdetails/133211/cavendish-bananas','Food'),(79,'Chicken','','1KG','Woolworths','https://www.woolworths.com.au/shop/productdetails/25734/woolworths-rspca-approved-chicken-breast-fillet','Food'),(80,'Fuel','','AIP Fuel Price','AIP','http://www.aip.com.au/pricing/national-retail-petrol-prices','Transport'),(81,'Sydney Housing Price','','Housing Price','CoreLogic','https://www.corelogic.com.au/our-data/corelogic-indices','Housing'),(82,'Melbourne Housing Price','','Housing Price','CoreLogic','https://www.corelogic.com.au/our-data/corelogic-indices','Housing'),(83,'Brisbane* Housing Price','','Housing Price','CoreLogic','https://www.corelogic.com.au/our-data/corelogic-indices','Housing'),(84,'Adelaide Housing Price','','Housing Price','CoreLogic','https://www.corelogic.com.au/our-data/corelogic-indices','Housing'),(85,'Perth Housing Price','','Housing Price','CoreLogic','https://www.corelogic.com.au/our-data/corelogic-indices','Housing'),(86,'5 capital city aggregate Housing Price','','Housing Price','CoreLogic','https://www.corelogic.com.au/our-data/corelogic-indices','Housing'),(87,'Jack Daniels','','Jack Daniels Alcohol Price','mybottleshop.au','https://www.mybottleshop.au/jack-daniels-1907-white-label-heritage-bottle-700ml','Alcohol'),(88,'Asahi','','Asahi Alcohol Price','mybottleshop.au','https://www.mybottleshop.au/asahi-super-dry-black-bottle-18x334ml-bottles','Alcohol'),(89,'Apples','','1EA','Coles','https://www.coles.com.au/product/coles-royal-gala-apples-loose-approx.-160g-each-5226000','Food'),(90,'Bread','','100g','Coles','https://www.coles.com.au/product/wonder-white-bread-+-vitamins-and-mineral-700g-5795130','Food'),(91,'Bananas','','1EA','Coles','https://www.coles.com.au/product/fresh-bananas-approx.-180g-each-409499','Food'),(92,'Chicken','','1kg<div class=\"price__was\"></div><strong>Was $15.40 on Oct 2023 </strong>','Coles','https://www.coles.com.au/product/coles-rspca-approved-chicken-breast-fillets-large-pack-approx.-1.4kg-2263179','Food'),(93,'Bread','','100G','Woolworths','https://www.woolworths.com.au/shop/productdetails/263669/wonder-white-bread-vitamins-minerals-sandwich','Food'),(94,'Apples','','1EA','Woolworths','https://www.woolworths.com.au/shop/productdetails/155003/apple-royal-gala','Food'),(95,'Bananas','','1EA','Woolworths','https://www.woolworths.com.au/shop/productdetails/133211/cavendish-bananas','Food'),(96,'Chicken','','1KG','Woolworths','https://www.woolworths.com.au/shop/productdetails/25734/woolworths-rspca-approved-chicken-breast-fillet','Food'),(97,'Fuel','','AIP Fuel Price','AIP','http://www.aip.com.au/pricing/national-retail-petrol-prices','Transport'),(98,'Sydney Housing Price','','Housing Price','CoreLogic','https://www.corelogic.com.au/our-data/corelogic-indices','Housing'),(99,'Melbourne Housing Price','','Housing Price','CoreLogic','https://www.corelogic.com.au/our-data/corelogic-indices','Housing'),(100,'Brisbane* Housing Price','','Housing Price','CoreLogic','https://www.corelogic.com.au/our-data/corelogic-indices','Housing'),(101,'Adelaide Housing Price','','Housing Price','CoreLogic','https://www.corelogic.com.au/our-data/corelogic-indices','Housing'),(102,'Perth Housing Price','','Housing Price','CoreLogic','https://www.corelogic.com.au/our-data/corelogic-indices','Housing'),(103,'5 capital city aggregate Housing Price','','Housing Price','CoreLogic','https://www.corelogic.com.au/our-data/corelogic-indices','Housing'),(104,'Jack Daniels','','Jack Daniels Alcohol Price','mybottleshop.au','https://www.mybottleshop.au/jack-daniels-1907-white-label-heritage-bottle-700ml','Alcohol'),(105,'Asahi','','Asahi Alcohol Price','mybottleshop.au','https://www.mybottleshop.au/asahi-super-dry-black-bottle-18x334ml-bottles','Alcohol'),(106,'Apples','','1EA','Coles','https://www.coles.com.au/product/coles-royal-gala-apples-loose-approx.-160g-each-5226000','Food'),(107,'Bread','','100g','Coles','https://www.coles.com.au/product/wonder-white-bread-+-vitamins-and-mineral-700g-5795130','Food'),(108,'Bananas','','1EA','Coles','https://www.coles.com.au/product/fresh-bananas-approx.-180g-each-409499','Food'),(109,'Chicken','','1kg<div class=\"price__was\"></div><strong>Was $15.40 on Oct 2023 </strong>','Coles','https://www.coles.com.au/product/coles-rspca-approved-chicken-breast-fillets-large-pack-approx.-1.4kg-2263179','Food'),(110,'Bread','','100G','Woolworths','https://www.woolworths.com.au/shop/productdetails/263669/wonder-white-bread-vitamins-minerals-sandwich','Food'),(111,'Apples','','1EA','Woolworths','https://www.woolworths.com.au/shop/productdetails/155003/apple-royal-gala','Food'),(112,'Bananas','','1EA','Woolworths','https://www.woolworths.com.au/shop/productdetails/133211/cavendish-bananas','Food'),(113,'Chicken','','1KG','Woolworths','https://www.woolworths.com.au/shop/productdetails/25734/woolworths-rspca-approved-chicken-breast-fillet','Food'),(114,'Fuel','','AIP Fuel Price','AIP','http://www.aip.com.au/pricing/national-retail-petrol-prices','Transport'),(115,'Sydney Housing Price','','Housing Price','CoreLogic','https://www.corelogic.com.au/our-data/corelogic-indices','Housing'),(116,'Melbourne Housing Price','','Housing Price','CoreLogic','https://www.corelogic.com.au/our-data/corelogic-indices','Housing'),(117,'Brisbane* Housing Price','','Housing Price','CoreLogic','https://www.corelogic.com.au/our-data/corelogic-indices','Housing'),(118,'Adelaide Housing Price','','Housing Price','CoreLogic','https://www.corelogic.com.au/our-data/corelogic-indices','Housing'),(119,'Perth Housing Price','','Housing Price','CoreLogic','https://www.corelogic.com.au/our-data/corelogic-indices','Housing'),(120,'5 capital city aggregate Housing Price','','Housing Price','CoreLogic','https://www.corelogic.com.au/our-data/corelogic-indices','Housing'),(121,'Jack Daniels','','Jack Daniels Alcohol Price','mybottleshop.au','https://www.mybottleshop.au/jack-daniels-1907-white-label-heritage-bottle-700ml','Alcohol'),(122,'Asahi','','Asahi Alcohol Price','mybottleshop.au','https://www.mybottleshop.au/asahi-super-dry-black-bottle-18x334ml-bottles','Alcohol'),(123,'Apples','','1EA','Coles','https://www.coles.com.au/product/coles-royal-gala-apples-loose-approx.-160g-each-5226000','Food'),(124,'Bread','','100g','Coles','https://www.coles.com.au/product/wonder-white-bread-+-vitamins-and-mineral-700g-5795130','Food'),(125,'Bananas','','1EA','Coles','https://www.coles.com.au/product/fresh-bananas-approx.-180g-each-409499','Food'),(126,'Chicken','','1kg<div class=\"price__was\"></div><strong>Was $15.40 on Oct 2023 </strong>','Coles','https://www.coles.com.au/product/coles-rspca-approved-chicken-breast-fillets-large-pack-approx.-1.4kg-2263179','Food'),(127,'Bread','','100G','Woolworths','https://www.woolworths.com.au/shop/productdetails/263669/wonder-white-bread-vitamins-minerals-sandwich','Food'),(128,'Apples','','1EA','Woolworths','https://www.woolworths.com.au/shop/productdetails/155003/apple-royal-gala','Food'),(129,'Bananas','','1EA','Woolworths','https://www.woolworths.com.au/shop/productdetails/133211/cavendish-bananas','Food'),(130,'Apples','','1EA','Coles','https://www.coles.com.au/product/coles-royal-gala-apples-loose-approx.-160g-each-5226000','Food'),(131,'Bread','','100g','Coles','https://www.coles.com.au/product/wonder-white-bread-+-vitamins-and-mineral-700g-5795130','Food'),(132,'Bananas','','1EA','Coles','https://www.coles.com.au/product/fresh-bananas-approx.-180g-each-409499','Food'),(133,'Chicken','','1kg<div class=\"price__was\"></div><strong>Was $15.40 on Oct 2023 </strong>','Coles','https://www.coles.com.au/product/coles-rspca-approved-chicken-breast-fillets-large-pack-approx.-1.4kg-2263179','Food'),(134,'Bread','','100G','Woolworths','https://www.woolworths.com.au/shop/productdetails/263669/wonder-white-bread-vitamins-minerals-sandwich','Food'),(135,'Apples','','1EA','Woolworths','https://www.woolworths.com.au/shop/productdetails/155003/apple-royal-gala','Food'),(136,'Bananas','','1EA','Woolworths','https://www.woolworths.com.au/shop/productdetails/133211/cavendish-bananas','Food'),(137,'Chicken','','1KG','Woolworths','https://www.woolworths.com.au/shop/productdetails/25734/woolworths-rspca-approved-chicken-breast-fillet','Food'),(138,'Fuel','','AIP Fuel Price','AIP','http://www.aip.com.au/pricing/national-retail-petrol-prices','Transport'),(139,'Sydney Housing Price','','Housing Price','CoreLogic','https://www.corelogic.com.au/our-data/corelogic-indices','Housing'),(140,'Melbourne Housing Price','','Housing Price','CoreLogic','https://www.corelogic.com.au/our-data/corelogic-indices','Housing'),(141,'Brisbane* Housing Price','','Housing Price','CoreLogic','https://www.corelogic.com.au/our-data/corelogic-indices','Housing'),(142,'Adelaide Housing Price','','Housing Price','CoreLogic','https://www.corelogic.com.au/our-data/corelogic-indices','Housing'),(143,'Perth Housing Price','','Housing Price','CoreLogic','https://www.corelogic.com.au/our-data/corelogic-indices','Housing'),(144,'5 capital city aggregate Housing Price','','Housing Price','CoreLogic','https://www.corelogic.com.au/our-data/corelogic-indices','Housing'),(145,'Jack Daniels','','Jack Daniels Alcohol Price','mybottleshop.au','https://www.mybottleshop.au/jack-daniels-1907-white-label-heritage-bottle-700ml','Alcohol'),(146,'Asahi','','Asahi Alcohol Price','mybottleshop.au','https://www.mybottleshop.au/asahi-super-dry-black-bottle-18x334ml-bottles','Alcohol'),(147,'Apples','','1EA','Coles','https://www.coles.com.au/product/coles-royal-gala-apples-loose-approx.-160g-each-5226000','Food'),(148,'Bread','','100g','Coles','https://www.coles.com.au/product/wonder-white-bread-+-vitamins-and-mineral-700g-5795130','Food'),(149,'Bananas','','1EA','Coles','https://www.coles.com.au/product/fresh-bananas-approx.-180g-each-409499','Food'),(150,'Chicken','','1kg<div class=\"price__was\"></div><strong>Was $15.40 on Oct 2023 </strong>','Coles','https://www.coles.com.au/product/coles-rspca-approved-chicken-breast-fillets-large-pack-approx.-1.4kg-2263179','Food'),(151,'Bread','','100G','Woolworths','https://www.woolworths.com.au/shop/productdetails/263669/wonder-white-bread-vitamins-minerals-sandwich','Food'),(152,'Apples','','1EA','Woolworths','https://www.woolworths.com.au/shop/productdetails/155003/apple-royal-gala','Food'),(153,'Bananas','','1EA','Woolworths','https://www.woolworths.com.au/shop/productdetails/133211/cavendish-bananas','Food'),(154,'Apples','','1EA','Coles','https://www.coles.com.au/product/coles-royal-gala-apples-loose-approx.-160g-each-5226000','Food'),(155,'Bread','','100g','Coles','https://www.coles.com.au/product/wonder-white-bread-+-vitamins-and-mineral-700g-5795130','Food'),(156,'Bananas','','1EA','Coles','https://www.coles.com.au/product/fresh-bananas-approx.-180g-each-409499','Food'),(157,'Chicken','','1kg<div class=\"price__was\"></div><strong>Was $15.40 on Oct 2023 </strong>','Coles','https://www.coles.com.au/product/coles-rspca-approved-chicken-breast-fillets-large-pack-approx.-1.4kg-2263179','Food'),(158,'Bread','','100G','Woolworths','https://www.woolworths.com.au/shop/productdetails/263669/wonder-white-bread-vitamins-minerals-sandwich','Food'),(159,'Apples','','1EA','Woolworths','https://www.woolworths.com.au/shop/productdetails/155003/apple-royal-gala','Food'),(160,'Bananas','','1EA','Woolworths','https://www.woolworths.com.au/shop/productdetails/133211/cavendish-bananas','Food'),(161,'Fuel','','AIP Fuel Price','AIP','http://www.aip.com.au/pricing/national-retail-petrol-prices','Transport'),(162,'Sydney Housing Price','','Housing Price','CoreLogic','https://www.corelogic.com.au/our-data/corelogic-indices','Housing'),(163,'Melbourne Housing Price','','Housing Price','CoreLogic','https://www.corelogic.com.au/our-data/corelogic-indices','Housing'),(164,'Brisbane* Housing Price','','Housing Price','CoreLogic','https://www.corelogic.com.au/our-data/corelogic-indices','Housing'),(165,'Adelaide Housing Price','','Housing Price','CoreLogic','https://www.corelogic.com.au/our-data/corelogic-indices','Housing'),(166,'Perth Housing Price','','Housing Price','CoreLogic','https://www.corelogic.com.au/our-data/corelogic-indices','Housing'),(167,'5 capital city aggregate Housing Price','','Housing Price','CoreLogic','https://www.corelogic.com.au/our-data/corelogic-indices','Housing'),(168,'Jack Daniels','','Jack Daniels Alcohol Price','mybottleshop.au','https://www.mybottleshop.au/jack-daniels-1907-white-label-heritage-bottle-700ml','Alcohol'),(169,'Asahi','','Asahi Alcohol Price','mybottleshop.au','https://www.mybottleshop.au/asahi-super-dry-black-bottle-18x334ml-bottles','Alcohol');
/*!40000 ALTER TABLE `products` ENABLE KEYS */;
UNLOCK TABLES;

--
-- Table structure for table `results`
--

DROP TABLE IF EXISTS `results`;
/*!40101 SET @saved_cs_client     = @@character_set_client */;
/*!50503 SET character_set_client = utf8mb4 */;
CREATE TABLE `results` (
  `result_ID` int NOT NULL AUTO_INCREMENT,
  `prediction_timestamp` timestamp NULL DEFAULT CURRENT_TIMESTAMP,
  `inflation_prediction` float DEFAULT NULL,
  PRIMARY KEY (`result_ID`)
) ENGINE=InnoDB AUTO_INCREMENT=2 DEFAULT CHARSET=utf8mb4 COLLATE=utf8mb4_0900_ai_ci;
/*!40101 SET character_set_client = @saved_cs_client */;

--
-- Dumping data for table `results`
--

LOCK TABLES `results` WRITE;
/*!40000 ALTER TABLE `results` DISABLE KEYS */;
INSERT INTO `results` VALUES (1,'2023-10-19 20:26:45',4.99726);
/*!40000 ALTER TABLE `results` ENABLE KEYS */;
UNLOCK TABLES;
/*!40103 SET TIME_ZONE=@OLD_TIME_ZONE */;

/*!40101 SET SQL_MODE=@OLD_SQL_MODE */;
/*!40014 SET FOREIGN_KEY_CHECKS=@OLD_FOREIGN_KEY_CHECKS */;
/*!40014 SET UNIQUE_CHECKS=@OLD_UNIQUE_CHECKS */;
/*!40101 SET CHARACTER_SET_CLIENT=@OLD_CHARACTER_SET_CLIENT */;
/*!40101 SET CHARACTER_SET_RESULTS=@OLD_CHARACTER_SET_RESULTS */;
/*!40101 SET COLLATION_CONNECTION=@OLD_COLLATION_CONNECTION */;
/*!40111 SET SQL_NOTES=@OLD_SQL_NOTES */;

-- Dump completed on 2023-10-20  9:08:25
